[
    {
        "policyNumber":"POL1000",
        "covType":"collision",
        "annLimit":1000, 
        "usedAmt":500 
    },
    {
        "policyNumber":"POL1000",
        "covType":"liability",
        "annLimit":2000, 
        "usedAmt":1000 
    },
    {
        "policyNumber":"POL1001",
        "covType":"collision",
        "annLimit":2000, 
        "usedAmt":1500 
    },
    {
        "policyNumber":"POL1001",
        "covType":"liability",
        "annLimit":2000, 
        "usedAmt":2000 
    },
    {
        "policyNumber":"POL1002",
        "covType":"collision",
        "annLimit":1300, 
        "usedAmt":800 
    },
    {
        "policyNumber":"POL1002",
        "covType":"liability",
        "annLimit":2000, 
        "usedAmt":2000 
    },
    {
        "policyNumber":"POL1003",
        "covType":"liability",
        "annLimit":2500, 
        "usedAmt":900 
    },
    {
        "policyNumber":"POL1004",
        "covType":"collision",
        "annLimit":1700, 
        "usedAmt":1700 
    }

]