[
    {
        "userId":"0001",
        "name":"John", 
        "address1":"56 Test street",
        "city":"Halifax",
        "state":"NS",
        "zip":"B2H0A0",
        "drivingExp":4,
        "noOfAccidents":0,
        "noOftickets":1        
    },
    {
        "userId":"0002",
        "name":"William", 
        "address1":"156 Test street",
        "city":"Toronto",
        "state":"ON",
        "zip":"66777",
        "drivingExp":4,
        "noOfAccidents":2,
        "noOftickets":3
    },
    {
        "userId":"0003",
        "name":"Avery", 
        "address1":"2345 Test street",
        "city":"Montreal",
        "state":"QC",
        "zip":"K0AK4c",
        "drivingExp":4,
        "noOfAccidents":0,
        "noOftickets":0
    },
    {
        "userId":"0004",
        "name":"Mason", 
        "address1":"897 Test street",
        "city":"Moncton",
        "state":"NB",
        "zip":"E1AOA3",
        "drivingExp":4,
        "noOfAccidents":1,
        "noOftickets":0
    },
    {
        "userId":"0005",
        "name":"Evelyn", 
        "address1":"09 Test street",
        "city":"Vancouver",
        "state":"BC",
        "zip":"V3H",
        "drivingExp":4,
        "noOfAccidents":4,
        "noOftickets":5
    }    
]